fechaActualizacion,hora_peru,actasContabilizadas,contabilizadas,totalActas,participacionCiudadana,totalVotosEmitidos,totalVotosValidos
1791151214377,2026-10-04T17:00:14-05:00,0.0,0,89935,0.0,0,0
1791151514170,2026-10-04T17:05:14-05:00,0.0,0,89935,0.0,0,0
1791151815232,2026-10-04T17:10:15-05:00,0.0,0,89935,0.0,0,0
1791152114604,2026-10-04T17:15:14-05:00,0.0,0,89935,0.0,0,0
1791152414709,2026-10-04T17:20:14-05:00,0.0,0,89935,0.0,0,0
1791152714765,2026-10-04T17:25:14-05:00,0.0,0,89935,0.0,0,0
1791153014449,2026-10-04T17:30:14-05:00,0.0,0,89935,0.0,0,0
1791153314554,2026-10-04T17:35:14-05:00,0.0,0,89935,0.0,0,0
1791153614566,2026-10-04T17:40:14-05:00,0.0,0,89935,0.0,0,0
1791153914300,2026-10-04T17:45:14-05:00,0.0,0,89935,0.0,0,0
1791154214281,2026-10-04T17:50:14-05:00,0.0,0,89935,0.0,0,0
1791154514367,2026-10-04T17:55:14-05:00,0.0,0,89935,0.0,0,0
1791154814621,2026-10-04T18:00:14-05:00,0.0,0,89935,0.0,0,0
1791155114378,2026-10-04T18:05:14-05:00,0.0,0,89935,0.0,0,0
1791155414351,2026-10-04T18:10:14-05:00,0.0,0,89935,0.0,0,0
1791155714858,2026-10-04T18:15:14-05:00,0.0,0,89935,0.0,0,0
1791156014456,2026-10-04T18:20:14-05:00,0.0,0,89935,0.0,0,0
1791156314386,2026-10-04T18:25:14-05:00,0.0,0,89935,0.0,0,0
1791156614554,2026-10-04T18:30:14-05:00,0.0,0,89935,0.0,0,0
1791156914900,2026-10-04T18:35:14-05:00,0.0,0,89935,0.0,0,0
1791157214122,2026-10-04T18:40:14-05:00,0.0,0,89935,0.0,0,0
1791157514394,2026-10-04T18:45:14-05:00,0.0,0,89935,0.0,0,0
1791157814373,2026-10-04T18:50:14-05:00,0.0,0,89935,0.0,0,0
1791158114931,2026-10-04T18:55:14-05:00,0.0,0,89935,0.0,0,0
1791158414875,2026-10-04T19:00:14-05:00,0.0,0,89935,0.0,0,0
1791158760026,2026-10-04T19:06:00-05:00,0.0,0,89935,0.0,0,0
1791159014747,2026-10-04T19:10:14-05:00,0.0,0,89935,0.0,0,0
1791159360207,2026-10-04T19:16:00-05:00,0.001,1,89935,0.001,235,235
1791159614555,2026-10-04T19:20:14-05:00,0.003,3,89935,0.002,638,624
1791159960055,2026-10-04T19:26:00-05:00,0.006,5,89935,0.004,1143,1095
1791160260072,2026-10-04T19:31:00-05:00,0.017,15,89935,0.013,3316,3139
1791160560072,2026-10-04T19:36:00-05:00,0.019,17,89935,0.014,3710,3520
1791160860126,2026-10-04T19:41:00-05:00,0.033,30,89935,0.024,6240,5944
1791161160234,2026-10-04T19:46:00-05:00,0.041,37,89935,0.03,7815,7394
1791161460311,2026-10-04T19:51:00-05:00,0.057,51,89935,0.042,10949,10336
1791161880031,2026-10-04T19:58:00-05:00,0.08,72,89935,0.059,15630,14781
1791162120680,2026-10-04T20:02:00-05:00,0.1,90,89935,0.075,19736,18625
1791162480016,2026-10-04T20:08:00-05:00,0.137,123,89935,0.1,26241,24644
