eleccion,ubigeo,departamento,partido,candidato,votos,pct_validos,actas_contabilizadas_pct,fecha_actualizacion_onpe
Elecciones Regionales,010000,AMAZONAS,MOVIMIENTO REGIONAL AMAZONENSE UNIDOS AL CAMPO,SEGUNDO QUITERIO HERNANDEZ VASQUEZ,25280,28.997,38.955,1791182526654
Elecciones Regionales,010000,AMAZONAS,PARTIDO DEMOCRÁTICO SOMOS PERÚ,AMILCAR DIAZ MENDOZA,19922,22.851,38.955,1791182526654
Elecciones Regionales,010000,AMAZONAS,MOVIMIENTO REGIONAL VICTORIA AMAZONENSE,GRIMALDO VASQUEZ TAN,18875,21.65,38.955,1791182526654
Elecciones Regionales,010000,AMAZONAS,ALIANZA PARA EL PROGRESO,JABIER JULON PEREZ,17995,20.641,38.955,1791182526654
Elecciones Regionales,010000,AMAZONAS,JUNTOS POR EL PERÚ,FERRY TORRES HUAMAN,4763,5.463,38.955,1791182526654
Elecciones Regionales,010000,AMAZONAS,FRENTE POPULAR AGRÍCOLA FÍA DEL PERÚ,SANTIAGO JONATHAN SANCA GRANDEZ,347,0.398,38.955,1791182526654
Elecciones Regionales,020000,ÁNCASH,ALIANZA PARA EL PROGRESO,ANTONIO JORGE CASANA ALENCASTRE,63552,23.096,43.42,1791182526654
Elecciones Regionales,020000,ÁNCASH,PARTIDO DEMÓCRATA VERDE,ENRIQUE VALOIS ALEJANDRO OCROSPOMA,43859,15.939,43.42,1791182526654
Elecciones Regionales,020000,ÁNCASH,PODEMOS PERÚ,BETTO BARRIONUEVO ROMERO,41330,15.02,43.42,1791182526654
Elecciones Regionales,020000,ÁNCASH,PARTIDO DEMOCRÁTICO SOMOS PERÚ,JUAN CARLOS MORILLO ULLOA,32853,11.939,43.42,1791182526654
Elecciones Regionales,020000,ÁNCASH,PARTIDO PAÍS PARA TODOS,VLADIMIR ANTONIO MEZA VILLARREAL,25087,9.117,43.42,1791182526654
Elecciones Regionales,020000,ÁNCASH,JUNTOS POR EL PERÚ,ELIAS MARCIAL VARAS MELENDEZ,15358,5.581,43.42,1791182526654
Elecciones Regionales,020000,ÁNCASH,SOCIOS POR ANCASH,SUSY YSABEL APONTE POLO DE TELLO,9763,3.548,43.42,1791182526654
Elecciones Regionales,020000,ÁNCASH,RENOVACIÓN POPULAR PERÚ,JHOSEPT AMADO PEREZ MIMBELA,9147,3.324,43.42,1791182526654
Elecciones Regionales,020000,ÁNCASH,ACCIÓN POPULAR,GIL JAIME CARRION RAMIREZ,9079,3.299,43.42,1791182526654
Elecciones Regionales,020000,ÁNCASH,PARTIDO FRENTE DE LA ESPERANZA 2021,JUAN DEL CARMEN VASQUEZ CRUZADO,9062,3.293,43.42,1791182526654
Elecciones Regionales,020000,ÁNCASH,ALIANZA ELECTORAL VENCEREMOS,WALTER SEVERO DURAND CASTRO,8756,3.182,43.42,1791182526654
Elecciones Regionales,020000,ÁNCASH,PARTIDO POLÍTICO PERÚ PRIMERO,YVAN SEGUNDINO HERNANDEZ CARRASCO,7321,2.661,43.42,1791182526654
Elecciones Regionales,030000,APURÍMAC,PROGRESEMOS,GUIDO CHAHUAYLLA MALDONADO,39582,42.006,40.077,1791182526654
Elecciones Regionales,030000,APURÍMAC,AHORA NACIÓN - AN,ELVYN SAMUEL DIAZ TELLO,32974,34.993,40.077,1791182526654
Elecciones Regionales,030000,APURÍMAC,ACCIÓN POPULAR,GUSTAVO ALEJANDRO GUTIERREZ ORTIZ,19474,20.666,40.077,1791182526654
Elecciones Regionales,030000,APURÍMAC,JUNTOS POR EL PERÚ,BLAS BARRIENTOS ALTAMIRANO,1413,1.5,40.077,1791182526654
Elecciones Regionales,030000,APURÍMAC,PARTIDO DEMÓCRATA UNIDO PERÚ,DAVID DAMIANO VEGA,787,0.835,40.077,1791182526654
Elecciones Regionales,040000,AREQUIPA,FUERZA AREQUIPEÑA,FLORENTINO ALFREDO ZEGARRA TEJADA,105557,27.784,43.491,1791182526654
Elecciones Regionales,040000,AREQUIPA,AHORA NACIÓN - AN,JENRY FEDERICO HUISA CALAPUJA,53146,13.989,43.491,1791182526654
Elecciones Regionales,040000,AREQUIPA,MOVIMIENTO REGIONAL AREQUIPA AVANCEMOS,BENIGNO TEOFILO CORNEJO VALENCIA,46654,12.28,43.491,1791182526654
Elecciones Regionales,040000,AREQUIPA,ALIANZA PARA EL PROGRESO,ELMER CACERES LLICA,38116,10.032,43.491,1791182526654
Elecciones Regionales,040000,AREQUIPA,YO AREQUIPA,BERLY JOSE GONZALES ARIAS,27534,7.247,43.491,1791182526654
Elecciones Regionales,040000,AREQUIPA,RENOVACIÓN POPULAR PERÚ,HAROLD EDGARD RODRIGUEZ QUISPE,22852,6.015,43.491,1791182526654
Elecciones Regionales,040000,AREQUIPA,"AREQUIPA, TRADICIÓN Y FUTURO",CESAR ANGEL HUAMANTUMA ALARCON,17236,4.537,43.491,1791182526654
Elecciones Regionales,040000,AREQUIPA,ACCIÓN POPULAR,PEDRO EDWIN MARTINEZ TALAVERA,16813,4.425,43.491,1791182526654
Elecciones Regionales,040000,AREQUIPA,PARTIDO DEMOCRÁTICO SOMOS PERÚ,HECTOR HUGO HERRERA HERRERA,16070,4.23,43.491,1791182526654
Elecciones Regionales,040000,AREQUIPA,ALIANZA ELECTORAL VENCEREMOS,JOSE LUIS ANCALLE GUTIERREZ,12106,3.186,43.491,1791182526654
Elecciones Regionales,040000,AREQUIPA,PARTIDO APRISTA PERUANO,HUGO EFRAIN AGUILAR GONZALES,9671,2.545,43.491,1791182526654
Elecciones Regionales,040000,AREQUIPA,FRENTE POPULAR AGRÍCOLA FÍA DEL PERÚ,YACKELIN LOURDES HUARSAYA CALIZAYA DE LLACCHUA,6309,1.661,43.491,1791182526654
Elecciones Regionales,040000,AREQUIPA,SALVEMOS AL PERÚ,DAVID CESAR ARDILES SARAVIA,2908,0.765,43.491,1791182526654
Elecciones Regionales,040000,AREQUIPA,COALICIÓN TRANSFORMADORA TIERRA VERDE,MILCO TORRES BARRIONUEVO,2506,0.66,43.491,1791182526654
Elecciones Regionales,040000,AREQUIPA,PARTIDO CÍVICO OBRAS,MIGUEL CORONADO ZARATE FLORES,2448,0.644,43.491,1791182526654
Elecciones Regionales,050000,AYACUCHO,LIBERTAD POPULAR,PABEL NESTOR BELLIDO MIRANDA,54987,38.123,42.593,1791182526654
Elecciones Regionales,050000,AYACUCHO,PODEMOS PERÚ,RENOL SILBIO PICHARDO RAMOS,47904,33.212,42.593,1791182526654
Elecciones Regionales,050000,AYACUCHO,APP - TRABAJA AYACUCHO,EDUARDO CESAR HUACOTO DIAZ,25523,17.695,42.593,1791182526654
Elecciones Regionales,050000,AYACUCHO,PARTIDO POLÍTICO PERÚ PRIMERO,OMAR FLORES YAROS,7541,5.228,42.593,1791182526654
Elecciones Regionales,050000,AYACUCHO,FRENTE POPULAR AGRÍCOLA FÍA DEL PERÚ,VIDAL URBANO JONISLLA,4417,3.062,42.593,1791182526654
Elecciones Regionales,050000,AYACUCHO,PARTIDO DEL BUEN GOBIERNO,ULISES FEDERICO LARREA MORALES,2724,1.889,42.593,1791182526654
Elecciones Regionales,050000,AYACUCHO,FUERZA CIUDADANA,SANTOS MARTIN HUACHACA CONTRERAS,630,0.437,42.593,1791182526654
Elecciones Regionales,050000,AYACUCHO,VISIÓN PERÚ,EDGAR ROJAS TUPPIA,510,0.354,42.593,1791182526654
Elecciones Regionales,060000,CAJAMARCA,PARTIDO DEMOCRÁTICO SOMOS PERÚ,EDISON CARRASCO OLIVERA,85371,29.75,36.767,1791182526654
Elecciones Regionales,060000,CAJAMARCA,MOVIMIENTO POLITICO REGIONAL CAJAMARCA RENACE,REBER JOAQUIN RAMIREZ GAMARRA,64227,22.382,36.767,1791182526654
Elecciones Regionales,060000,CAJAMARCA,ALIANZA PARA EL PROGRESO,MOISES GONZALEZ CRUZ,59206,20.632,36.767,1791182526654
Elecciones Regionales,060000,CAJAMARCA,PARTIDO POLÍTICO PERÚ PRIMERO,FELICITA MADALEINE TOCTO GUERRERO,34278,11.945,36.767,1791182526654
Elecciones Regionales,060000,CAJAMARCA,JUNTOS POR EL PERÚ,JOSE NENIL MEDINA GUERRERO,12293,4.284,36.767,1791182526654
Elecciones Regionales,060000,CAJAMARCA,PARTIDO POLÍTICO TODO CON EL PUEBLO,NORVIL RAFAEL HEREDIA,10348,3.606,36.767,1791182526654
Elecciones Regionales,060000,CAJAMARCA,ACCIÓN POPULAR,SILVIA MARIA MONTEZA FACHO,10159,3.54,36.767,1791182526654
Elecciones Regionales,060000,CAJAMARCA,AVANZA PAÍS - PARTIDO DE INTEGRACIÓN SOCIAL,HILARIO PORFIRIO MEDINA VASQUEZ,7616,2.654,36.767,1791182526654
Elecciones Regionales,060000,CAJAMARCA,ALIANZA ELECTORAL VENCEREMOS,YURI ERNESTO NEYRA GUEVARA,3465,1.207,36.767,1791182526654
Elecciones Regionales,240000,CALLAO,RENOVACIÓN POPULAR PERÚ,PEDRO CARMELO SPADARO PHILIPPS,193316,52.998,63.379,1791182526654
Elecciones Regionales,240000,CALLAO,PARTIDO DEMOCRÁTICO SOMOS PERÚ,ISMAEL ALBERTO PAREDES AVALOS,50267,13.781,63.379,1791182526654
Elecciones Regionales,240000,CALLAO,FUERZA POPULAR,MIGUEL FRANCISCO CORDANO RODRIGUEZ,41641,11.416,63.379,1791182526654
Elecciones Regionales,240000,CALLAO,AVANZA PAÍS - PARTIDO DE INTEGRACIÓN SOCIAL,ELVIRA RICABELL MADALENGOITIA CAJAL,32129,8.808,63.379,1791182526654
Elecciones Regionales,240000,CALLAO,PARTIDO DEL BUEN GOBIERNO,VICTOR ARMANDO HUARANCCA MEDINA,22901,6.278,63.379,1791182526654
Elecciones Regionales,240000,CALLAO,ACCIÓN POPULAR,DANTE JOSE MANDRIOTTI CASTRO,10061,2.758,63.379,1791182526654
Elecciones Regionales,240000,CALLAO,FRENTE POPULAR AGRÍCOLA FÍA DEL PERÚ,CINTHYA ISELA CAMASCA ZAMUDIO,7820,2.144,63.379,1791182526654
Elecciones Regionales,240000,CALLAO,PARTIDO POPULAR CRISTIANO - PPC,JOSE REMIGIO SOSA DULANTO BADIOLA,6628,1.817,63.379,1791182526654
Elecciones Regionales,070000,CUSCO,ALIANZA ELECTORAL VENCEREMOS,VERONIKA FANNY MENDOZA FRISCH,105064,29.944,46.467,1791182526654
Elecciones Regionales,070000,CUSCO,PARTIDO POLÍTICO PRIN,IVAN VLADIMIR APARICIO ARENAS,61402,17.5,46.467,1791182526654
Elecciones Regionales,070000,CUSCO,AHORA NACIÓN - AN,HECTOR ACURIO CRUZ,47307,13.483,46.467,1791182526654
Elecciones Regionales,070000,CUSCO,PROGRESEMOS,EDY EDWARD CUELLAR MARGHOLT,37161,10.591,46.467,1791182526654
Elecciones Regionales,070000,CUSCO,PARTIDO POLÍTICO PERÚ PRIMERO,ABEL PAUCARMAYTA TACURI,36838,10.499,46.467,1791182526654
Elecciones Regionales,070000,CUSCO,AVANZA PAÍS - PARTIDO DE INTEGRACIÓN SOCIAL,RICARDO YURY CORNEJO SANCHEZ,15707,4.477,46.467,1791182526654
Elecciones Regionales,070000,CUSCO,ACCIÓN POPULAR,LUIS ANGEL ARAGON CARREÑO,15080,4.298,46.467,1791182526654
Elecciones Regionales,070000,CUSCO,PARTIDO DEMÓCRATA VERDE,T'IKA LUIZAR OBREGON,11335,3.231,46.467,1791182526654
Elecciones Regionales,070000,CUSCO,FRENTE REGIONAL TÚPAC,EDGAR AMERICO OCHOA PEZO,8287,2.362,46.467,1791182526654
Elecciones Regionales,070000,CUSCO,FRENTE POPULAR AGRÍCOLA FÍA DEL PERÚ,WILFREDO PARHUAY HUAMAN,6657,1.897,46.467,1791182526654
Elecciones Regionales,070000,CUSCO,PARTIDO CÍVICO OBRAS,RONAL FUENTES YUNGURI,4221,1.203,46.467,1791182526654
Elecciones Regionales,070000,CUSCO,COALICIÓN TRANSFORMADORA TIERRA VERDE,VIHULDER ROMERO HUAMANI,1815,0.517,46.467,1791182526654
Elecciones Regionales,080000,HUANCAVELICA,ALIANZA PARA EL PROGRESO,JUAN CARLOS COMUN GAVILAN,23259,33.159,30.538,1791182526654
Elecciones Regionales,080000,HUANCAVELICA,PARTIDO POLÍTICO PERÚ PRIMERO,SAMUEL MORAN CARDENAS,22795,32.498,30.538,1791182526654
Elecciones Regionales,080000,HUANCAVELICA,ACCIÓN POPULAR,HECTOR LOLO ANTONIO,10379,14.797,30.538,1791182526654
Elecciones Regionales,080000,HUANCAVELICA,PODEMOS PERÚ,FELIX CRISPIN REYMUNDO,8076,11.514,30.538,1791182526654
Elecciones Regionales,080000,HUANCAVELICA,AHORA NACIÓN - AN,INTY DAVID PINTO MENDOZA,3348,4.773,30.538,1791182526654
Elecciones Regionales,080000,HUANCAVELICA,BATALLA PERÚ,JULIO CESAR MEZA CCANTO,2286,3.259,30.538,1791182526654
Elecciones Regionales,090000,HUÁNUCO,PARTIDO PAÍS PARA TODOS,ROSALI LEANDRO TARAZONA,48004,28.495,41.416,1791182526654
Elecciones Regionales,090000,HUÁNUCO,PARTIDO POLÍTICO PERÚ PRIMERO,ENRIQUE ORLANDO PULGAR LUCAS,26857,15.942,41.416,1791182526654
Elecciones Regionales,090000,HUÁNUCO,MOVIMIENTO INDEPENDIENTE REGIONAL HUÁNUCO PRIMERO,SERGIO JUNIOR PRINCIPE ILDEFONSO,20825,12.362,41.416,1791182526654
Elecciones Regionales,090000,HUÁNUCO,ALIANZA PARA EL PROGRESO,MIGUEL ANGEL MEZA MALPARTIDA,17149,10.18,41.416,1791182526654
Elecciones Regionales,090000,HUÁNUCO,PARTIDO DEMOCRÁTICO SOMOS PERÚ,ROBINSON AGUIRRE CASIMIRO,16318,9.686,41.416,1791182526654
Elecciones Regionales,090000,HUÁNUCO,AHORA NACIÓN - AN,ANTONIO ROBLES JARA,13946,8.278,41.416,1791182526654
Elecciones Regionales,090000,HUÁNUCO,MOVIMIENTO POLÍTICO UNIDOS POR EL DESARROLLO DE HUÁNUCO - UDH,ROSENDO LEONCIO SERNA ROMAN,13028,7.733,41.416,1791182526654
Elecciones Regionales,090000,HUÁNUCO,LIBERTAD POPULAR,FORTUNATO JUAN RAMOS LAVADO,6506,3.862,41.416,1791182526654
Elecciones Regionales,090000,HUÁNUCO,FRENTE POPULAR AGRÍCOLA FÍA DEL PERÚ,MADELEINE DEL ROSARIO ALOMIA VALDERRAMA,3076,1.826,41.416,1791182526654
Elecciones Regionales,090000,HUÁNUCO,PODEMOS PERÚ,LUIS RAUL PICON QUEDO,2757,1.637,41.416,1791182526654
Elecciones Regionales,100000,ICA,PARTIDO DEMOCRÁTICO SOMOS PERÚ,JUAN ENRIQUE MENDOZA URIBE,79049,28.717,52.629,1791182526654
Elecciones Regionales,100000,ICA,ALIANZA PARA EL PROGRESO,CESAR ANTONIO CARRANZA FALLA,47850,17.383,52.629,1791182526654
Elecciones Regionales,100000,ICA,ACCIÓN POPULAR,ALONSO ALBERTO NAVARRO CABANILLAS,47107,17.113,52.629,1791182526654
Elecciones Regionales,100000,ICA,RENOVACIÓN POPULAR PERÚ,JAVIER HERMOGENES CORNEJO VENTURA,41498,15.075,52.629,1791182526654
Elecciones Regionales,100000,ICA,PROGRESEMOS,JAVIER GALLEGOS BARRIENTOS,29158,10.592,52.629,1791182526654
Elecciones Regionales,100000,ICA,FUERZA POPULAR,MIGUEL ANGEL ELIAS AVALOS,11215,4.074,52.629,1791182526654
Elecciones Regionales,100000,ICA,PODEMOS PERÚ,NOEMI MIRIAN ALDERETE FERNANDEZ,10201,3.706,52.629,1791182526654
Elecciones Regionales,100000,ICA,PARTIDO POPULAR CRISTIANO - PPC,VICTOR LEONEL LLACSA SARAVIA,6341,2.304,52.629,1791182526654
Elecciones Regionales,100000,ICA,ALIANZA ELECTORAL VENCEREMOS,JOSE ARTURO GUTIERREZ AURES,2854,1.037,52.629,1791182526654
Elecciones Regionales,110000,JUNÍN,PODEMOS PERÚ,FERNANDO POOL ORIHUELA ROJAS,110851,30.541,50.598,1791182526654
Elecciones Regionales,110000,JUNÍN,ALIANZA PARA EL PROGRESO,ARNOLDO DANTE MALLMA AUQUI,96779,26.664,50.598,1791182526654
Elecciones Regionales,110000,JUNÍN,RENOVACIÓN POPULAR PERÚ,DIMAS RUDY ALIAGA CASTRO,62938,17.34,50.598,1791182526654
Elecciones Regionales,110000,JUNÍN,BATALLA PERÚ,CESAR AUGUSTO MEREA TELLO,34251,9.436,50.598,1791182526654
Elecciones Regionales,110000,JUNÍN,JUNTOS POR EL PERÚ,JUAN MAEL PALOMINO ESPINOZA,21132,5.822,50.598,1791182526654
Elecciones Regionales,110000,JUNÍN,ACCIÓN POPULAR,JOSE MIGUEL ALVAREZ ROJAS,16766,4.619,50.598,1791182526654
Elecciones Regionales,110000,JUNÍN,FRENTE POPULAR AGRÍCOLA FÍA DEL PERÚ,ADOLFO AMILCAR ROJAS CRISTOBAL,10746,2.961,50.598,1791182526654
Elecciones Regionales,110000,JUNÍN,FUERZA POPULAR,JULIA CAMAVILCA ARZAPALO,9500,2.617,50.598,1791182526654
Elecciones Regionales,120000,LA LIBERTAD,PARTIDO PATRIÓTICO DEL PERÚ,ELMO JOSE ANTONIO PALACIOS ALVA,115342,24.436,49.254,1791182526654
Elecciones Regionales,120000,LA LIBERTAD,PODEMOS PERÚ,ELIAS NICOLAS RODRIGUEZ ZAVALETA,108163,22.915,49.254,1791182526654
Elecciones Regionales,120000,LA LIBERTAD,PARTIDO DEMOCRÁTICO SOMOS PERÚ,ALDO CARLOS MARIÑOS,97647,20.687,49.254,1791182526654
Elecciones Regionales,120000,LA LIBERTAD,PARTIDO APRISTA PERUANO,JULIO CESAR MORAN OTINIANO,50965,10.797,49.254,1791182526654
Elecciones Regionales,120000,LA LIBERTAD,RENOVACIÓN POPULAR PERÚ,PATRICIA LILIANA BOLAÑOS GRAU,38645,8.187,49.254,1791182526654
Elecciones Regionales,120000,LA LIBERTAD,AVANZA PAÍS - PARTIDO DE INTEGRACIÓN SOCIAL,MARLON KENNY ALARCON AZPILCUETA,23003,4.873,49.254,1791182526654
Elecciones Regionales,120000,LA LIBERTAD,ACCIÓN POPULAR,OSCAR RAFAEL BENAVIDES RUIZ,20210,4.282,49.254,1791182526654
Elecciones Regionales,120000,LA LIBERTAD,PARTIDO POLÍTICO PERÚ PRIMERO,DANIEL ENRIQUE SALAVERRY VILLA,18046,3.823,49.254,1791182526654
Elecciones Regionales,130000,LAMBAYEQUE,PARTIDO DEMOCRÁTICO SOMOS PERÚ,CESAR MARTIN PERALES SAAVEDRA,102350,29.479,51.996,1791182526654
Elecciones Regionales,130000,LAMBAYEQUE,FUERZA POPULAR,ROLANDO BARBOZA DIAZ,72109,20.769,51.996,1791182526654
Elecciones Regionales,130000,LAMBAYEQUE,AVANZA PAÍS - PARTIDO DE INTEGRACIÓN SOCIAL,JUAN MANUEL CARRASCO MILLONES,43860,12.633,51.996,1791182526654
Elecciones Regionales,130000,LAMBAYEQUE,JUNTOS POR EL PERÚ,SAUL DAVID MILIAN CORREA,30414,8.76,51.996,1791182526654
Elecciones Regionales,130000,LAMBAYEQUE,PARTIDO APRISTA PERUANO,CARLOS MARIO ZANELLI VASQUEZ,23315,6.715,51.996,1791182526654
Elecciones Regionales,130000,LAMBAYEQUE,RENOVACIÓN POPULAR PERÚ,RUBEN EDUARDO FERNANDEZ MORALES,18738,5.397,51.996,1791182526654
Elecciones Regionales,130000,LAMBAYEQUE,ACCIÓN POPULAR,HILDA MARLENY PORTERO LOPEZ,15231,4.387,51.996,1791182526654
Elecciones Regionales,130000,LAMBAYEQUE,PARTIDO POLÍTICO PERÚ PRIMERO,JORGE LUIS MONTENEGRO CHAVESTA,14963,4.31,51.996,1791182526654
Elecciones Regionales,130000,LAMBAYEQUE,PARTIDO POPULAR CRISTIANO - PPC,ANTONIO URIARTE GONZALES,12375,3.564,51.996,1791182526654
Elecciones Regionales,130000,LAMBAYEQUE,AHORA NACIÓN - AN,ELIZABETH ASUNCION CALDERON TAVARA,5150,1.483,51.996,1791182526654
Elecciones Regionales,130000,LAMBAYEQUE,FE EN EL PERÚ,ALVARO RENATO CALDERON SEGURA,2764,0.796,51.996,1791182526654
Elecciones Regionales,130000,LAMBAYEQUE,FRENTE POPULAR AGRÍCOLA FÍA DEL PERÚ,ALEJANDRO RUIZ PAISIG,2464,0.71,51.996,1791182526654
Elecciones Regionales,130000,LAMBAYEQUE,PARTIDO POLÍTICO PUEBLO CONSCIENTE,JOSE LUIS ALBERTO RUIZ QUINTANA,1273,0.367,51.996,1791182526654
Elecciones Regionales,130000,LAMBAYEQUE,ALIANZA ELECTORAL VENCEREMOS,JUAN VIDAL RODRIGUEZ TERRONES,1181,0.34,51.996,1791182526654
Elecciones Regionales,130000,LAMBAYEQUE,PARTIDO POLÍTICO TODO CON EL PUEBLO,MARCOS ANTONIO CALLIRGOS ALVAREZ,1005,0.289,51.996,1791182526654
Elecciones Regionales,140000,LIMA,PARTIDO DEMOCRÁTICO SOMOS PERÚ,ANDRES EDUARDO TELLO VELAZCO,41009,17.516,39.917,1791182526654
Elecciones Regionales,140000,LIMA,ALIANZA RENOVACIÓN POPULAR Y TORO,JAVIER JESUS ALVARADO GONZALES DEL VALLE,35439,15.137,39.917,1791182526654
Elecciones Regionales,140000,LIMA,APP - LA CHOLITA,LUIS EMILIO UENO SAMANAMUD,26143,11.166,39.917,1791182526654
Elecciones Regionales,140000,LIMA,PARTIDO POLÍTICO PRIN,JOSE CARLOS BAUTISTA RUBIO,24259,10.362,39.917,1791182526654
Elecciones Regionales,140000,LIMA,AHORA NACIÓN - AN,CESAR ISMAEL ZAPATA BELLON,21701,9.269,39.917,1791182526654
Elecciones Regionales,140000,LIMA,PARTIDO POLÍTICO PERÚ PRIMERO,RODOLFO JORGE ARAGON ROSADIO,17705,7.562,39.917,1791182526654
Elecciones Regionales,140000,LIMA,FUERZA POPULAR,SIHUAR DENIS HEREDIA MAYHUIRE,13975,5.969,39.917,1791182526654
Elecciones Regionales,140000,LIMA,PODEMOS PERÚ,JOSE TOMAS ALCANTARA MALASQUEZ,12537,5.355,39.917,1791182526654
Elecciones Regionales,140000,LIMA,PROGRESEMOS,JOSE JESUS SOSA BECERRA,12285,5.247,39.917,1791182526654
Elecciones Regionales,140000,LIMA,CONCERTACIÓN PARA EL DESARROLLO REGIONAL - LIMA,CRISPULO EDDIE JARA SALAZAR,12250,5.232,39.917,1791182526654
Elecciones Regionales,140000,LIMA,ACCIÓN POPULAR,RAFAEL GASTON TADEO MILAGROS SANTOS NORMAND,9290,3.968,39.917,1791182526654
Elecciones Regionales,140000,LIMA,FRENTE POPULAR AGRÍCOLA FÍA DEL PERÚ,GRACIANO NEMECIO LUME FLORES,3456,1.476,39.917,1791182526654
Elecciones Regionales,140000,LIMA,PARTIDO DEL BUEN GOBIERNO,JOSE LUIS SANTA CRUZ ALCALA,2907,1.242,39.917,1791182526654
Elecciones Regionales,140000,LIMA,PARTIDO POPULAR CRISTIANO - PPC,LUISA RUFINA MENESES RIVADENEYRA,1166,0.498,39.917,1791182526654
Elecciones Regionales,150000,LORETO,PARTIDO DEMOCRÁTICO SOMOS PERÚ,GERMAN VLADIMIR CHONG RIOS,45297,25.797,36.772,1791182526654
Elecciones Regionales,150000,LORETO,ALIANZA PARA EL PROGRESO,FERNANDO MELENDEZ CELIS,43721,24.899,36.772,1791182526654
Elecciones Regionales,150000,LORETO,RENOVACIÓN POPULAR PERÚ,JORGE LUIS MERA RAMIREZ,28200,16.06,36.772,1791182526654
Elecciones Regionales,150000,LORETO,PARTIDO PAÍS PARA TODOS,WILFREDO MOISES MALPARTIDA GOMEZ,16683,9.501,36.772,1791182526654
Elecciones Regionales,150000,LORETO,FUERZA POPULAR,OLMEX AEB ESCALANTE CHOTA,16479,9.385,36.772,1791182526654
Elecciones Regionales,150000,LORETO,PERÚ MODERNO,TEDY VASQUEZ CARDENAS,9544,5.435,36.772,1791182526654
Elecciones Regionales,150000,LORETO,FRENTE POPULAR AGRÍCOLA FÍA DEL PERÚ,YONATAN VILLADOMA CONDEZO,4619,2.631,36.772,1791182526654
Elecciones Regionales,150000,LORETO,PODEMOS PERÚ,JUAN RAFAEL TORRES BALDEON,4075,2.321,36.772,1791182526654
Elecciones Regionales,150000,LORETO,ACCIÓN POPULAR,PERCY FLORES AREVALO,3617,2.06,36.772,1791182526654
Elecciones Regionales,150000,LORETO,AHORA NACIÓN - AN,ROBERTO TITO CUNIBERTI TERRONES,1697,0.966,36.772,1791182526654
Elecciones Regionales,150000,LORETO,PARTIDO POLÍTICO NACIONAL PERÚ LIBRE,OSCAR ALEXANDER LLAPAPASCA SAMANIEGO,1190,0.678,36.772,1791182526654
Elecciones Regionales,150000,LORETO,PARTIDO POLÍTICO PERÚ PRIMERO,JOSE MARTIN AREVALO PINEDO,471,0.268,36.772,1791182526654
Elecciones Regionales,160000,MADRE DE DIOS,AHORA NACIÓN - AN,SIMON PEDRO HORNA ALPACA,13657,39.645,35.225,1791182526654
Elecciones Regionales,160000,MADRE DE DIOS,ALIANZA LIBERTAD MADREDIOSENSE,FREDDY ALVARO VRACKO METZGER,5093,14.785,35.225,1791182526654
Elecciones Regionales,160000,MADRE DE DIOS,JUNTOS POR EL PERÚ,WILBER UCHUPE FLOREZ,3518,10.212,35.225,1791182526654
Elecciones Regionales,160000,MADRE DE DIOS,PARTIDO DEMOCRÁTICO SOMOS PERÚ,IRIANA VELASQUEZ RUIZ,3326,9.655,35.225,1791182526654
Elecciones Regionales,160000,MADRE DE DIOS,ALIANZA PARA EL PROGRESO,JOSE ABRAHAM CARDOZO MOUZULLY,1732,5.028,35.225,1791182526654
Elecciones Regionales,160000,MADRE DE DIOS,AVANZA PAÍS - PARTIDO DE INTEGRACIÓN SOCIAL,YENIFER ZAVALA AREQUE,1682,4.883,35.225,1791182526654
Elecciones Regionales,160000,MADRE DE DIOS,PARTIDO PAÍS PARA TODOS,PEDRO WANGER CARI RODRIGUEZ,1436,4.169,35.225,1791182526654
Elecciones Regionales,160000,MADRE DE DIOS,RENOVACIÓN POPULAR PERÚ,JULIO ERNESTO MORENO LEVERENZ,1044,3.031,35.225,1791182526654
Elecciones Regionales,160000,MADRE DE DIOS,PARTIDO DEL BUEN GOBIERNO,MANUEL FELIPE GUEVARA DUAREZ,998,2.897,35.225,1791182526654
Elecciones Regionales,160000,MADRE DE DIOS,ALIANZA ELECTORAL VENCEREMOS,ERNESTO HUILLCA RICALDE,701,2.035,35.225,1791182526654
Elecciones Regionales,160000,MADRE DE DIOS,PROGRESEMOS,EDGAR CLINT LOPEZ CORNEJO,666,1.933,35.225,1791182526654
Elecciones Regionales,160000,MADRE DE DIOS,FRENTE POPULAR AGRÍCOLA FÍA DEL PERÚ,CARLOS QUISPE MEDINA,414,1.202,35.225,1791182526654
Elecciones Regionales,160000,MADRE DE DIOS,PARTIDO POLÍTICO PERÚ PRIMERO,KIMYLSUNG DELGADO PALMA,181,0.525,35.225,1791182526654
Elecciones Regionales,170000,MOQUEGUA,ACCIÓN POPULAR,ABRAHAM ALEJANDRO CARDENAS ROMERO,14711,24.232,51.923,1791182526654
Elecciones Regionales,170000,MOQUEGUA,PARTIDO DEMOCRÁTICO SOMOS PERÚ,JUAN LUIS HERRERA CHEJO,14693,24.202,51.923,1791182526654
Elecciones Regionales,170000,MOQUEGUA,KAUSACHUN,JAIME ALBERTO RODRIGUEZ VILLANUEVA,12645,20.829,51.923,1791182526654
Elecciones Regionales,170000,MOQUEGUA,PROGRESEMOS,PERCY HUANCAPAZA CHAMBI,4875,8.03,51.923,1791182526654
Elecciones Regionales,170000,MOQUEGUA,JUNTOS POR EL PERÚ,VICTOR CATUNTA CUAYLA,3065,5.049,51.923,1791182526654
Elecciones Regionales,170000,MOQUEGUA,PODEMOS PERÚ,LUIS DANTE ZUBIA CORTEZ,2935,4.835,51.923,1791182526654
Elecciones Regionales,170000,MOQUEGUA,PARTIDO POPULAR CRISTIANO - PPC,PEDRO JUAN TITO CALIZAYA,2882,4.747,51.923,1791182526654
Elecciones Regionales,170000,MOQUEGUA,PARTIDO POLÍTICO PERÚ PRIMERO,MILAR GODOFREDO ZENTENO MEJIA,2177,3.586,51.923,1791182526654
Elecciones Regionales,170000,MOQUEGUA,PARTIDO DEL BUEN GOBIERNO,HUGO ISAIAS QUISPE MAMANI,1121,1.847,51.923,1791182526654
Elecciones Regionales,170000,MOQUEGUA,VAMOS MOQUEGUA,RODOLFO ORESTE BALDI BURGA,1051,1.731,51.923,1791182526654
Elecciones Regionales,170000,MOQUEGUA,ALIANZA ELECTORAL VENCEREMOS,JORGE LUIS LAMA CORDOVA,554,0.913,51.923,1791182526654
Elecciones Regionales,180000,PASCO,PARTIDO FRENTE DE LA ESPERANZA 2021,LUCIO ROJAS VITOR,17818,33.993,36.502,1791182526654
Elecciones Regionales,180000,PASCO,PODEMOS PERÚ,LUIS MARIN POMACHAGUA OSORIO,12334,23.531,36.502,1791182526654
Elecciones Regionales,180000,PASCO,PARTIDO DEMOCRÁTICO SOMOS PERÚ,JHONNY EDGAR INGA AUCAPIÑA,6388,12.187,36.502,1791182526654
Elecciones Regionales,180000,PASCO,ALIANZA PARA EL PROGRESO,ZUMEL TRUJILLO BRAVO,5565,10.617,36.502,1791182526654
Elecciones Regionales,180000,PASCO,ALIANZA REGIONAL POR EL PERÚ,MIGUEL ANGEL QUISPE PALOMINO,4517,8.617,36.502,1791182526654
Elecciones Regionales,180000,PASCO,RENOVACIÓN POPULAR PERÚ,HERLESS LAUREANO MAURICIO,2014,3.842,36.502,1791182526654
Elecciones Regionales,180000,PASCO,PARTIDO DEMÓCRATA VERDE,EDGAR VELASQUEZ HERRERA,1619,3.089,36.502,1791182526654
Elecciones Regionales,180000,PASCO,PARTIDO POLÍTICO PERÚ PRIMERO,BELARMINO BLANCO ALANIA,1368,2.61,36.502,1791182526654
Elecciones Regionales,180000,PASCO,ACCIÓN POPULAR,LUIS CARLOS SIMEON HURTADO,794,1.515,36.502,1791182526654
Elecciones Regionales,190000,PIURA,ALIANZA PARA EL PROGRESO,REYNALDO ADOLFO HILBCK GUZMAN,63028,21.166,29.133,1791182526654
Elecciones Regionales,190000,PIURA,PARTIDO DEMOCRÁTICO SOMOS PERÚ,SANTIAGO ENRIQUE PAZ LOPEZ,53842,18.081,29.133,1791182526654
Elecciones Regionales,190000,PIURA,PODEMOS PERÚ,RODDY GUILLERMO LA TORRE GOMEZ,44148,14.826,29.133,1791182526654
Elecciones Regionales,190000,PIURA,MOVIMIENTO INDEPENDIENTE FUERZA REGIONAL,SERVANDO GARCIA CORREA,28322,9.511,29.133,1791182526654
Elecciones Regionales,190000,PIURA,PARTIDO POLÍTICO PERÚ PRIMERO,PEDRO ENRIQUE ALAMA FARFAN,25995,8.73,29.133,1791182526654
Elecciones Regionales,190000,PIURA,RENOVACIÓN POPULAR PERÚ,JOSE ANTONIO DURAN PEREZ,22832,7.667,29.133,1791182526654
Elecciones Regionales,190000,PIURA,PARTIDO PAÍS PARA TODOS,ELVIS BONIFAZ LOPEZ,16078,5.399,29.133,1791182526654
Elecciones Regionales,190000,PIURA,FUERZA POPULAR,MARTIRES LIZANA SANTOS,15803,5.307,29.133,1791182526654
Elecciones Regionales,190000,PIURA,ACCIÓN POPULAR,DAVID ARTURO COLLAZOS MAZA,12870,4.322,29.133,1791182526654
Elecciones Regionales,190000,PIURA,PARTIDO POPULAR CRISTIANO - PPC,WERNER ERNESTO WILHELM HERRERA,6714,2.255,29.133,1791182526654
Elecciones Regionales,190000,PIURA,PARTIDO APRISTA PERUANO,ADLER DANILO CALLE CASTILLO,3150,1.058,29.133,1791182526654
Elecciones Regionales,190000,PIURA,FRENTE POPULAR AGRÍCOLA FÍA DEL PERÚ,ANIBAL MARTINEZ JUAREZ,1529,0.513,29.133,1791182526654
Elecciones Regionales,190000,PIURA,PARTIDO PATRIÓTICO DEL PERÚ,DECIDERIO RUFINO ESCOBAR,1208,0.406,29.133,1791182526654
Elecciones Regionales,190000,PIURA,SALVEMOS AL PERÚ,GERARDO JOSE CABRERA CORDOVA,1168,0.392,29.133,1791182526654
Elecciones Regionales,190000,PIURA,PARTIDO DE LOS TRABAJADORES Y EMPRENDEDORES PTE PERÚ - COMUNIDAD POLÍTICA INKA PERÚ,FELIX REIMUNDO CASTILLO RAMIREZ,604,0.203,29.133,1791182526654
Elecciones Regionales,190000,PIURA,VISIÓN PERÚ,MARIA SOLEDAD PEÑA MORALES,487,0.164,29.133,1791182526654
Elecciones Regionales,200000,PUNO,AHORA NACIÓN - AN,EDUARDO QUISPE PANDIA,67359,22.205,41.953,1791182526654
Elecciones Regionales,200000,PUNO,ASI - JUNTOS POR EL PERÚ,JHOMAR MARCELINO TONCONI QUISPE,64455,21.248,41.953,1791182526654
Elecciones Regionales,200000,PUNO,PARTIDO PAÍS PARA TODOS,WILBER CUTIPA ALEJO,62762,20.69,41.953,1791182526654
Elecciones Regionales,200000,PUNO,PROGRESEMOS,JUAN CARLOS AQUINO CONDORI,59217,19.521,41.953,1791182526654
Elecciones Regionales,200000,PUNO,PARTIDO POLÍTICO PERÚ PRIMERO,EDGAR HUGO SUPO TIPULA,18950,6.247,41.953,1791182526654
Elecciones Regionales,200000,PUNO,PARTIDO CÍVICO OBRAS,JESUS MAMANI CHIJCHEAPAZA,10485,3.456,41.953,1791182526654
Elecciones Regionales,200000,PUNO,PARTIDO DEMOCRÁTICO SOMOS PERÚ,WILHEM ROGGER LIMACHI VIAMONTE,9402,3.099,41.953,1791182526654
Elecciones Regionales,200000,PUNO,ALIANZA ELECTORAL VENCEREMOS,WALTER ENRIQUE MONROY PINTO,7471,2.463,41.953,1791182526654
Elecciones Regionales,200000,PUNO,PARTIDO POLÍTICO PUEBLO CONSCIENTE,JOSE RODRIGO CHALCO MENDOZA,3245,1.07,41.953,1791182526654
Elecciones Regionales,210000,SAN MARTÍN,AVANZA PAÍS - PARTIDO DE INTEGRACIÓN SOCIAL,MAXIMO OSCAR CABRERA CABRERA,47493,29.088,32.832,1791182526654
Elecciones Regionales,210000,SAN MARTÍN,ALIANZA PARA EL PROGRESO,JORGE PANDURO RUIZ,38759,23.738,32.832,1791182526654
Elecciones Regionales,210000,SAN MARTÍN,RENOVACIÓN POPULAR PERÚ,CARLOS JOB GOMEZ TORRES,36843,22.565,32.832,1791182526654
Elecciones Regionales,210000,SAN MARTÍN,PARTIDO DEMOCRÁTICO SOMOS PERÚ,CHRISTOPHER SANDRO RIVERO UZATEGUI,15878,9.725,32.832,1791182526654
Elecciones Regionales,210000,SAN MARTÍN,FUERZA POPULAR,DAVID ENRIQUE LANDA TUCTO,13502,8.269,32.832,1791182526654
Elecciones Regionales,210000,SAN MARTÍN,ACCIÓN POPULAR,MAYKSON CULQUI PANAIFO,6830,4.183,32.832,1791182526654
Elecciones Regionales,210000,SAN MARTÍN,UNION REGIONAL,JOSE TOMAS GONZALES REATEGUI,3970,2.431,32.832,1791182526654
Elecciones Regionales,220000,TACNA,ALIANZA PARA EL PROGRESO,SEGUNDO MARIO RUIZ RUBIO,33014,29.088,51.354,1791182526654
Elecciones Regionales,220000,TACNA,AHORA NACIÓN - AN,WALTER ANCHAPURI ZAPATA,19008,16.748,51.354,1791182526654
Elecciones Regionales,220000,TACNA,RENOVACIÓN POPULAR PERÚ,FERNANDO PABLO MARTORELL SOBERO,17034,15.008,51.354,1791182526654
Elecciones Regionales,220000,TACNA,MOVIMIENTO INDEPENDIENTE REGIONAL FUERZA TACNA,STEPHEN ALEXANDER UGARTE DAVILA,10874,9.581,51.354,1791182526654
Elecciones Regionales,220000,TACNA,PODEMOS PERÚ,WILBER FLORES CACHICATARI,9153,8.065,51.354,1791182526654
Elecciones Regionales,220000,TACNA,PROGRESEMOS,DAYAN WILSON JIMENEZ SALAS,7190,6.335,51.354,1791182526654
Elecciones Regionales,220000,TACNA,PARTIDO DEMÓCRATA UNIDO PERÚ,FIDEL CARITA MONROY,4101,3.613,51.354,1791182526654
Elecciones Regionales,220000,TACNA,PARTIDO PAÍS PARA TODOS,FRANCISCO RAMOS FLORES,4096,3.609,51.354,1791182526654
Elecciones Regionales,220000,TACNA,UNIDOS POR TACNA,FELIX GERONIMO QUISPE MAMANI,3302,2.909,51.354,1791182526654
Elecciones Regionales,220000,TACNA,PARTIDO CÍVICO OBRAS,MARCO ANTONIO HUACOLLO ALVAREZ,1910,1.683,51.354,1791182526654
Elecciones Regionales,220000,TACNA,PARTIDO DEL BUEN GOBIERNO,BARBARA ESTHER CUADROS QUIHUE,1570,1.383,51.354,1791182526654
Elecciones Regionales,220000,TACNA,PARTIDO POLÍTICO TODO CON EL PUEBLO,HILDA MARISOL HERRERA HUAYHUA,969,0.854,51.354,1791182526654
Elecciones Regionales,220000,TACNA,ALIANZA ELECTORAL VENCEREMOS,ANTONIO RIQUELME SOTELO CALDERON,694,0.611,51.354,1791182526654
Elecciones Regionales,220000,TACNA,PERÚ MODERNO,JAIME SERGIO BAUTISTA AQUINO,582,0.513,51.354,1791182526654
Elecciones Regionales,230000,TUMBES,FE EN EL PERÚ,CARLOS MANUEL ROLANDO FEIJOO RUIZ,16980,31.181,45.572,1791182526654
Elecciones Regionales,230000,TUMBES,PARTIDO DEMOCRÁTICO SOMOS PERÚ,LUIS CONSTANTINO AREVALO GUERRERO,10512,19.303,45.572,1791182526654
Elecciones Regionales,230000,TUMBES,ACCIÓN POPULAR,MANUEL ARTURO MERINO DE LAMA,8626,15.84,45.572,1791182526654
Elecciones Regionales,230000,TUMBES,PODEMOS PERÚ,MANUEL DIEGO ENRIQUE DE LAMA HIRSH,8057,14.795,45.572,1791182526654
Elecciones Regionales,230000,TUMBES,PARTIDO POLÍTICO NACIONAL PERÚ LIBRE,NATALIA NATALI JIMENEZ VELASQUEZ,4859,8.923,45.572,1791182526654
Elecciones Regionales,230000,TUMBES,RENOVACION TUMBESINA,CARLOS JIMY SILVA MENA,1219,2.238,45.572,1791182526654
Elecciones Regionales,230000,TUMBES,PARTIDO APRISTA PERUANO,GUILLERMO FELIX IGNACIO ALEGRE MENDOZA,983,1.805,45.572,1791182526654
Elecciones Regionales,230000,TUMBES,PARTIDO POLÍTICO TODO CON EL PUEBLO,RAUL SANTOS HERRERA,908,1.667,45.572,1791182526654
Elecciones Regionales,230000,TUMBES,BATALLA PERÚ,WILMER FLORENTINO DIOS BENITES,731,1.342,45.572,1791182526654
Elecciones Regionales,230000,TUMBES,PARTIDO DEL BUEN GOBIERNO,EDUARDO ZARATE CORDOVA,567,1.041,45.572,1791182526654
Elecciones Regionales,230000,TUMBES,ALIANZA ELECTORAL VENCEREMOS,MIGUEL LUIS CASTILLO SILVA,461,0.847,45.572,1791182526654
Elecciones Regionales,230000,TUMBES,ALIANZA REGIONAL POR EL PERÚ,MOISES MARTIN LOPEZ OLIVERA,303,0.556,45.572,1791182526654
Elecciones Regionales,230000,TUMBES,PARTIDO MORADO,JOSE EFRAIN MAZA BALLADARES,251,0.461,45.572,1791182526654
Elecciones Regionales,250000,UCAYALI,PARTIDO DEMOCRÁTICO SOMOS PERÚ,SANDRO ACOSTA VILLAVICENCIO,28184,34.527,33.355,1791182526654
Elecciones Regionales,250000,UCAYALI,RENOVACIÓN POPULAR PERÚ,ANTONIO MARINO PANDURO,16995,20.82,33.355,1791182526654
Elecciones Regionales,250000,UCAYALI,ACCIÓN POPULAR,CELIA ISABEL PRADO SEIJAS,13706,16.791,33.355,1791182526654
Elecciones Regionales,250000,UCAYALI,FUERZA POPULAR,FRANCISCO DE ASIS MENDOZA DE SOUZA,11079,13.573,33.355,1791182526654
Elecciones Regionales,250000,UCAYALI,ALIANZA PARA EL PROGRESO,GUILLERMO CORNELIO CHINO MORI,6617,8.106,33.355,1791182526654
Elecciones Regionales,250000,UCAYALI,PARTIDO PAÍS PARA TODOS,VICTOR EDINSON VALDEZ MELENDEZ,3058,3.746,33.355,1791182526654
Elecciones Regionales,250000,UCAYALI,PARTIDO DEL BUEN GOBIERNO,JUAN WICMAN HUAYCAMA MURAYARI,1370,1.678,33.355,1791182526654
Elecciones Regionales,250000,UCAYALI,VISIÓN PERÚ,ADER MARTIN GUERRA RIOS,619,0.758,33.355,1791182526654
